{"best/epoch": 109, "best/precision": 0.9442675955484313, "best/recall": 0.8522542317242247, "best/mAP_0.5": 0.9018356957790834, "best/mAP_0.5:0.95": 0.5327171059557568, "Labels": {"_type": "images/separated", "width": 1600, "height": 1600, "format": "jpg", "count": 2, "filenames": ["media/images/Labels_0_7231f27a8c51179c4bf7.jpg", "media/images/Labels_0_59c2fb6918a00ec61146.jpg"], "captions": ["labels.jpg", "labels_correlogram.jpg"]}, "Mosaics": {"_type": "images/separated", "width": 1920, "height": 1920, "format": "jpg", "count": 3, "filenames": ["media/images/Mosaics_0_2d22735aa520ebbe82b0.jpg", "media/images/Mosaics_0_93a049281453ad973d1a.jpg", "media/images/Mosaics_0_08caad04848588f22574.jpg"], "captions": ["train_batch0.jpg", "train_batch1.jpg", "train_batch2.jpg"]}, "train/box_loss": 0.027174051851034164, "train/obj_loss": 0.035667743533849716, "train/cls_loss": 0.005393241532146931, "metrics/precision": 0.9429103347568876, "metrics/recall": 0.8528289430302106, "metrics/mAP_0.5": 0.9015880738294864, "metrics/mAP_0.5:0.95": 0.5318574737905085, "val/box_loss": 0.04111558943986893, "val/obj_loss": 0.04144134372472763, "val/cls_loss": 0.00865599699318409, "x/lr0": 0.00026500000000000053, "x/lr1": 0.00026500000000000053, "x/lr2": 0.00026500000000000053, "_timestamp": 1680457590.3530033, "_runtime": 7819.635854244232, "_step": 120, "Validation": {"_type": "images/separated", "width": 1920, "height": 1280, "format": "jpg", "count": 6, "filenames": ["media/images/Validation_120_e159d5eaec771f775e92.jpg", "media/images/Validation_120_cbfd0c3f9371c96f0322.jpg", "media/images/Validation_120_a2bdcc79a822569d55e2.jpg", "media/images/Validation_120_d5df282a3a74aeb9c5a5.jpg", "media/images/Validation_120_bbfc6d34141142c7bf87.jpg", "media/images/Validation_120_3e92b9322e64f399be3b.jpg"], "captions": ["val_batch0_labels.jpg", "val_batch0_pred.jpg", "val_batch1_labels.jpg", "val_batch1_pred.jpg", "val_batch2_labels.jpg", "val_batch2_pred.jpg"]}, "Results": {"_type": "images/separated", "width": 2400, "height": 1200, "format": "png", "count": 6, "filenames": ["media/images/Results_120_e1f878dd70e0c4eb5328.png", "media/images/Results_120_a76938131079138a1e9b.png", "media/images/Results_120_8576b6e058e18f8f0c57.png", "media/images/Results_120_5e1f28b345b94146cee8.png", "media/images/Results_120_ec97730b7cb5a38b54b3.png", "media/images/Results_120_b269c461dbef7a5b1be3.png"], "captions": ["results.png", "confusion_matrix.png", "F1_curve.png", "PR_curve.png", "P_curve.png", "R_curve.png"]}, "_wandb": {"runtime": 7816}}