{"best/epoch": 119, "best/precision": 0.8151576831510496, "best/recall": 0.738977716455194, "best/mAP_0.5": 0.793793684508354, "best/mAP_0.5:0.95": 0.41022033872309943, "Labels": {"_type": "images/separated", "width": 1600, "height": 1600, "format": "jpg", "count": 2, "filenames": ["media/images/Labels_0_7ef236ebd81562f25648.jpg", "media/images/Labels_0_d433b873d2fdb263612f.jpg"], "captions": ["labels.jpg", "labels_correlogram.jpg"]}, "Mosaics": {"_type": "images/separated", "width": 1920, "height": 1920, "format": "jpg", "count": 3, "filenames": ["media/images/Mosaics_0_ad31e31aee8e2da9b02e.jpg", "media/images/Mosaics_0_6406b831e70de27ab47c.jpg", "media/images/Mosaics_0_9220d870d73811f36d89.jpg"], "captions": ["train_batch0.jpg", "train_batch1.jpg", "train_batch2.jpg"]}, "train/box_loss": 0.02472592517733574, "train/obj_loss": 0.00383576937019825, "train/cls_loss": 0.0, "metrics/precision": 0.8147290198411835, "metrics/recall": 0.7368801233666099, "metrics/mAP_0.5": 0.7936496893342497, "metrics/mAP_0.5:0.95": 0.4100447332566026, "val/box_loss": 0.030588239431381226, "val/obj_loss": 0.0032116121146827936, "val/cls_loss": 0.0, "x/lr0": 0.00026500000000000053, "x/lr1": 0.00026500000000000053, "x/lr2": 0.00026500000000000053, "_timestamp": 1682951724.1902838, "_runtime": 6163.351699829102, "_step": 120, "Validation": {"_type": "images/separated", "width": 1920, "height": 1920, "format": "jpg", "count": 6, "filenames": ["media/images/Validation_120_40902c784222d8c82b94.jpg", "media/images/Validation_120_2e64e61deedde2f24735.jpg", "media/images/Validation_120_3be23992c809339986ac.jpg", "media/images/Validation_120_a086286caba955a6ed24.jpg", "media/images/Validation_120_0f2e01adf98f67f1b26b.jpg", "media/images/Validation_120_a9a2c2c3f1b34e95c9f5.jpg"], "captions": ["val_batch0_labels.jpg", "val_batch0_pred.jpg", "val_batch1_labels.jpg", "val_batch1_pred.jpg", "val_batch2_labels.jpg", "val_batch2_pred.jpg"]}, "Results": {"_type": "images/separated", "width": 2400, "height": 1200, "format": "png", "count": 6, "filenames": ["media/images/Results_120_5a2ef94061631bf784df.png", "media/images/Results_120_5d5e08248e1d54b83110.png", "media/images/Results_120_36d2602e7430c4912dcb.png", "media/images/Results_120_84dfd4399269a93ec0bd.png", "media/images/Results_120_49f90cd25bc68e63a244.png", "media/images/Results_120_fa0996f3e7ab7dcbac62.png"], "captions": ["results.png", "confusion_matrix.png", "F1_curve.png", "PR_curve.png", "P_curve.png", "R_curve.png"]}, "_wandb": {"runtime": 6156}}