{"best/epoch": 9, "best/precision": 0.2887204822688693, "best/recall": 0.37815126050420167, "best/mAP_0.5": 0.1825182716236059, "best/mAP_0.5:0.95": 0.05660377005368152, "Labels": {"_type": "images/separated", "width": 1600, "height": 1600, "format": "jpg", "count": 2, "filenames": ["media/images/Labels_0_be9fd2a0cd31c58a9032.jpg", "media/images/Labels_0_711f8ca66345ec4a98dd.jpg"], "captions": ["labels.jpg", "labels_correlogram.jpg"]}, "Mosaics": {"_type": "images/separated", "width": 1920, "height": 1920, "format": "jpg", "count": 3, "filenames": ["media/images/Mosaics_0_b72a3d833cbc210cb530.jpg", "media/images/Mosaics_0_f02d63b0084c2d5c5f0a.jpg", "media/images/Mosaics_0_d3545c915509632cd7f9.jpg"], "captions": ["train_batch0.jpg", "train_batch1.jpg", "train_batch2.jpg"]}, "train/box_loss": 0.04900730773806572, "train/obj_loss": 0.006177274510264397, "train/cls_loss": 0.0, "metrics/precision": 0.2887204822688693, "metrics/recall": 0.37815126050420167, "metrics/mAP_0.5": 0.1825182716236059, "metrics/mAP_0.5:0.95": 0.05660377005368152, "val/box_loss": 0.04962568357586861, "val/obj_loss": 0.004969768226146698, "val/cls_loss": 0.0, "x/lr0": 0.009208000000000001, "x/lr1": 0.009208000000000001, "x/lr2": 0.009208000000000001, "_timestamp": 1682423258.7418387, "_runtime": 285.48168563842773, "_step": 9}