{"best/epoch": 206, "best/precision": 0.672970200970201, "best/recall": 0.7058823529411765, "best/mAP_0.5": 0.6686982771246167, "best/mAP_0.5:0.95": 0.2794444215611155, "Labels": {"_type": "images/separated", "width": 1600, "height": 1600, "format": "jpg", "count": 2, "filenames": ["media/images/Labels_0_be9fd2a0cd31c58a9032.jpg", "media/images/Labels_0_711f8ca66345ec4a98dd.jpg"], "captions": ["labels.jpg", "labels_correlogram.jpg"]}, "Mosaics": {"_type": "images/separated", "width": 1920, "height": 1920, "format": "jpg", "count": 3, "filenames": ["media/images/Mosaics_0_ae49460b1e955b4247e6.jpg", "media/images/Mosaics_0_3aa9726a6496149c2604.jpg", "media/images/Mosaics_0_4cac9c96767865dc74c5.jpg"], "captions": ["train_batch0.jpg", "train_batch1.jpg", "train_batch2.jpg"]}, "train/box_loss": 0.027905013412237167, "train/obj_loss": 0.00394928315654397, "train/cls_loss": 0.0, "metrics/precision": 0.6718091424758091, "metrics/recall": 0.7058823529411765, "metrics/mAP_0.5": 0.6687637252093498, "metrics/mAP_0.5:0.95": 0.27847969833599723, "val/box_loss": 0.037514399737119675, "val/obj_loss": 0.0035009384155273438, "val/cls_loss": 0.0, "x/lr0": 0.0024512500000000003, "x/lr1": 0.0024512500000000003, "x/lr2": 0.0024512500000000003, "_timestamp": 1682435674.457844, "_runtime": 4486.333431959152, "_step": 307, "Validation": {"_type": "images/separated", "width": 1920, "height": 1920, "format": "jpg", "count": 6, "filenames": ["media/images/Validation_307_5793939a3e96c0103e17.jpg", "media/images/Validation_307_30150666e6cebc5ee42e.jpg", "media/images/Validation_307_7d1eb332785c27d57f1a.jpg", "media/images/Validation_307_6111627b2ccc284ad529.jpg", "media/images/Validation_307_dbddf3ba57529d04f230.jpg", "media/images/Validation_307_0e3180ec0ad80ae3f11d.jpg"], "captions": ["val_batch0_labels.jpg", "val_batch0_pred.jpg", "val_batch1_labels.jpg", "val_batch1_pred.jpg", "val_batch2_labels.jpg", "val_batch2_pred.jpg"]}, "Results": {"_type": "images/separated", "width": 2400, "height": 1200, "format": "png", "count": 6, "filenames": ["media/images/Results_307_933c393608d56b8ccdeb.png", "media/images/Results_307_7153ca36c833fb65c88f.png", "media/images/Results_307_fbeeb3432931e96fc127.png", "media/images/Results_307_6e6a706b17114d4dd8af.png", "media/images/Results_307_1af200435fd915b8c33f.png", "media/images/Results_307_04f192072214c771b3c0.png"], "captions": ["results.png", "confusion_matrix.png", "F1_curve.png", "PR_curve.png", "P_curve.png", "R_curve.png"]}, "_wandb": {"runtime": 4479}}