{"best/epoch": 15, "best/precision": 0.3641623274650797, "best/recall": 0.33613445378151263, "best/mAP_0.5": 0.26543760076843487, "best/mAP_0.5:0.95": 0.09227999689398717, "Labels": {"_type": "images/separated", "width": 1600, "height": 1600, "format": "jpg", "count": 2, "filenames": ["media/images/Labels_0_be9fd2a0cd31c58a9032.jpg", "media/images/Labels_0_711f8ca66345ec4a98dd.jpg"], "captions": ["labels.jpg", "labels_correlogram.jpg"]}, "Mosaics": {"_type": "images/separated", "width": 1920, "height": 1920, "format": "jpg", "count": 3, "filenames": ["media/images/Mosaics_0_835a0bac9c9008868b6e.jpg", "media/images/Mosaics_0_209b487b929ec3d46556.jpg", "media/images/Mosaics_0_68d32f3fd0f742628aa3.jpg"], "captions": ["train_batch0.jpg", "train_batch1.jpg", "train_batch2.jpg"]}, "train/box_loss": 0.05009925365447998, "train/obj_loss": 0.00561553006991744, "train/cls_loss": 0.0, "metrics/precision": 0.35861538151614486, "metrics/recall": 0.3949579831932773, "metrics/mAP_0.5": 0.2915391386743894, "metrics/mAP_0.5:0.95": 0.07305331903448363, "val/box_loss": 0.05485709384083748, "val/obj_loss": 0.0047637224197387695, "val/cls_loss": 0.0, "x/lr0": 0.0087625, "x/lr1": 0.0087625, "x/lr2": 0.0087625, "_timestamp": 1682563039.6159692, "_runtime": 301.2885551452637, "_step": 16, "_wandb": {"runtime": 307}}