{"best/epoch": 105, "best/precision": 0.9095554157926596, "best/recall": 0.8217315510487185, "best/mAP_0.5": 0.8806938536865841, "best/mAP_0.5:0.95": 0.5175885088507391, "Labels": {"_type": "images/separated", "width": 1600, "height": 1600, "format": "jpg", "count": 2, "filenames": ["media/images/Labels_0_7231f27a8c51179c4bf7.jpg", "media/images/Labels_0_59c2fb6918a00ec61146.jpg"], "captions": ["labels.jpg", "labels_correlogram.jpg"]}, "Mosaics": {"_type": "images/separated", "width": 1920, "height": 1920, "format": "jpg", "count": 3, "filenames": ["media/images/Mosaics_0_35a63168ffaf75d48c14.jpg", "media/images/Mosaics_0_c1d17b17cac11e1be8b7.jpg", "media/images/Mosaics_0_d7f0ac6e60e134b52d63.jpg"], "captions": ["train_batch0.jpg", "train_batch1.jpg", "train_batch2.jpg"]}, "train/box_loss": 0.03378857299685478, "train/obj_loss": 0.044068507850170135, "train/cls_loss": 0.006671352311968803, "metrics/precision": 0.9093941633243642, "metrics/recall": 0.8215752746957995, "metrics/mAP_0.5": 0.8806887203713911, "metrics/mAP_0.5:0.95": 0.517716132319736, "val/box_loss": 0.03904488682746887, "val/obj_loss": 0.0361502505838871, "val/cls_loss": 0.008233942091464996, "x/lr0": 0.00026500000000000053, "x/lr1": 0.00026500000000000053, "x/lr2": 0.00026500000000000053, "_timestamp": 1680261717.5069222, "_runtime": 8180.656581163406, "_step": 120, "Validation": {"_type": "images/separated", "width": 1920, "height": 1192, "format": "jpg", "count": 6, "filenames": ["media/images/Validation_120_fa192c9fd84c3f800bd9.jpg", "media/images/Validation_120_9d8be30980c2f9cc15d5.jpg", "media/images/Validation_120_7a67aa863ecc0c016da4.jpg", "media/images/Validation_120_df53afa6fedc012b2ab6.jpg", "media/images/Validation_120_522dd69a1bc8a7937b53.jpg", "media/images/Validation_120_792ece3567ec9f87b5d4.jpg"], "captions": ["val_batch0_labels.jpg", "val_batch0_pred.jpg", "val_batch1_labels.jpg", "val_batch1_pred.jpg", "val_batch2_labels.jpg", "val_batch2_pred.jpg"]}, "Results": {"_type": "images/separated", "width": 2400, "height": 1200, "format": "png", "count": 6, "filenames": ["media/images/Results_120_f245bf2105bae0d5194d.png", "media/images/Results_120_35e9e6a720069ba23814.png", "media/images/Results_120_424eacad635a1b077d01.png", "media/images/Results_120_1a3ee749d1c079147a63.png", "media/images/Results_120_013aa2fadf23c935c40a.png", "media/images/Results_120_37de1b07c2ad3f8e19ce.png"], "captions": ["results.png", "confusion_matrix.png", "F1_curve.png", "PR_curve.png", "P_curve.png", "R_curve.png"]}, "_wandb": {"runtime": 8174}}