{"best/epoch": 104, "best/precision": 0.6480178313746011, "best/recall": 0.7142857142857143, "best/mAP_0.5": 0.6792012230127267, "best/mAP_0.5:0.95": 0.27722001330417395, "Labels": {"_type": "images/separated", "width": 1600, "height": 1600, "format": "jpg", "count": 2, "filenames": ["media/images/Labels_0_be9fd2a0cd31c58a9032.jpg", "media/images/Labels_0_711f8ca66345ec4a98dd.jpg"], "captions": ["labels.jpg", "labels_correlogram.jpg"]}, "Mosaics": {"_type": "images/separated", "width": 1920, "height": 1920, "format": "jpg", "count": 3, "filenames": ["media/images/Mosaics_0_835a0bac9c9008868b6e.jpg", "media/images/Mosaics_0_209b487b929ec3d46556.jpg", "media/images/Mosaics_0_68d32f3fd0f742628aa3.jpg"], "captions": ["train_batch0.jpg", "train_batch1.jpg", "train_batch2.jpg"]}, "train/box_loss": 0.029988637194037437, "train/obj_loss": 0.004385872278362513, "train/cls_loss": 0.0, "metrics/precision": 0.6473702396094253, "metrics/recall": 0.7142857142857143, "metrics/mAP_0.5": 0.6801565236386992, "metrics/mAP_0.5:0.95": 0.27859071336663777, "val/box_loss": 0.04099635034799576, "val/obj_loss": 0.0035139918327331543, "val/cls_loss": 0.0, "x/lr0": 0.00026500000000000053, "x/lr1": 0.00026500000000000053, "x/lr2": 0.00026500000000000053, "_timestamp": 1682426085.001745, "_runtime": 1724.3996090888977, "_step": 120, "Validation": {"_type": "images/separated", "width": 1920, "height": 1920, "format": "jpg", "count": 6, "filenames": ["media/images/Validation_120_5793939a3e96c0103e17.jpg", "media/images/Validation_120_a713a22ee6d0360bc14e.jpg", "media/images/Validation_120_823718f2de4f72b5e3d4.jpg", "media/images/Validation_120_f54685d02190e57b9506.jpg", "media/images/Validation_120_e505c025c6a5ffb47972.jpg", "media/images/Validation_120_9b9fc30ab04f8144bd6b.jpg"], "captions": ["val_batch0_labels.jpg", "val_batch0_pred.jpg", "val_batch1_labels.jpg", "val_batch1_pred.jpg", "val_batch2_labels.jpg", "val_batch2_pred.jpg"]}, "Results": {"_type": "images/separated", "width": 2400, "height": 1200, "format": "png", "count": 6, "filenames": ["media/images/Results_120_89a20d53dc3dcd3dfe04.png", "media/images/Results_120_f0f49205cd1960197571.png", "media/images/Results_120_d39c94b00677c7b36304.png", "media/images/Results_120_f72819737f9035748212.png", "media/images/Results_120_0cc31a3c7514ca83b5f7.png", "media/images/Results_120_cc172121507eebe16927.png"], "captions": ["results.png", "confusion_matrix.png", "F1_curve.png", "PR_curve.png", "P_curve.png", "R_curve.png"]}, "_wandb": {"runtime": 1719}}